<application>
  <component name="BaseRefactoringSettings">
    <option name="RENAME_SEARCH_IN_COMMENTS_FOR_FILE" value="false" />
  </component>
  <component name="RefactoringSettings">
    <option name="RENAME_SEARCH_IN_COMMENTS_FOR_CLASS" value="true" />
    <option name="RENAME_SEARCH_FOR_TEXT_FOR_CLASS" value="false" />
    <option name="MOVE_PREVIEW_USAGES" value="false" />
    <option name="EXTRACT_INTERFACE_JAVADOC" value="1" />
    <option name="INTRODUCE_FIELD_VISIBILITY" value="private" />
    <option name="INTRODUCE_LOCAL_CREATE_FINALS" value="false" />
  </component>
</application>