<application>
  <component name="FileTypeManager" version="17">
    <extensionMap>
      <mapping ext="mk" type="CMakeLists.txt" />
      <mapping ext="webp" type="Image" />
      <mapping ext="main.kts" type="Kotlin" />
      <mapping ext="gradle.kts" type="Kotlin" />
      <mapping ext="arsc" type="PLAIN_TEXT" />
      <mapping ext="ser" type="PLAIN_TEXT" />
      <mapping ext="md" type="PLAIN_TEXT" />
      <mapping ext="jks" type="PLAIN_TEXT" />
    </extensionMap>
  </component>
</application>