<application>
  <component name="GeneralSettings">
    <option name="confirmExit" value="false" />
    <option name="confirmOpenNewProject2" value="0" />
    <option name="processCloseConfirmation" value="TERMINATE" />
    <option name="reopenLastProject" value="false" />
    <option name="searchInBackground" value="true" />
  </component>
  <component name="Registry">
    <entry key="debugger.watches.in.variables" value="false" />
    <entry key="external.system.auto.import.disabled" value="true" />
  </component>
</application>