<application>
  <component name="ProjectJdkTable">
    <jdk version="2">
      <name value="Kotlin SDK" />
      <type value="KotlinSDK" />
      <version value="1.2.30" />
      <homePath value="C:\dev\Android\Android Studio\plugins\Kotlin\kotlinc" />
      <roots>
        <annotationsPath>
          <root type="composite" />
        </annotationsPath>
        <classPath>
          <root type="composite" />
        </classPath>
        <javadocPath>
          <root type="composite" />
        </javadocPath>
        <sourcePath>
          <root type="composite" />
        </sourcePath>
      </roots>
      <additional />
    </jdk>
    <jdk version="2">
      <name value="1.8" />
      <type value="JavaSDK" />
      <version value="java version &quot;1.8.0_242&quot;" />
      <homePath value="$APPLICATION_HOME_DIR$/jre" />
      <roots>
        <annotationsPath>
          <root type="composite">
            <root url="jar://$APPLICATION_HOME_DIR$/plugins/java/lib/jdkAnnotations.jar!/" type="simple" />
          </root>
        </annotationsPath>
        <classPath>
          <root type="composite">
            <root url="jar://$APPLICATION_HOME_DIR$/jre/jre/lib/charsets.jar!/" type="simple" />
            <root url="jar://$APPLICATION_HOME_DIR$/jre/jre/lib/ext/access-bridge-64.jar!/" type="simple" />
            <root url="jar://$APPLICATION_HOME_DIR$/jre/jre/lib/ext/cldrdata.jar!/" type="simple" />
            <root url="jar://$APPLICATION_HOME_DIR$/jre/jre/lib/ext/dnsns.jar!/" type="simple" />
            <root url="jar://$APPLICATION_HOME_DIR$/jre/jre/lib/ext/jaccess.jar!/" type="simple" />
            <root url="jar://$APPLICATION_HOME_DIR$/jre/jre/lib/ext/localedata.jar!/" type="simple" />
            <root url="jar://$APPLICATION_HOME_DIR$/jre/jre/lib/ext/nashorn.jar!/" type="simple" />
            <root url="jar://$APPLICATION_HOME_DIR$/jre/jre/lib/ext/sunec.jar!/" type="simple" />
            <root url="jar://$APPLICATION_HOME_DIR$/jre/jre/lib/ext/sunjce_provider.jar!/" type="simple" />
            <root url="jar://$APPLICATION_HOME_DIR$/jre/jre/lib/ext/sunmscapi.jar!/" type="simple" />
            <root url="jar://$APPLICATION_HOME_DIR$/jre/jre/lib/ext/sunpkcs11.jar!/" type="simple" />
            <root url="jar://$APPLICATION_HOME_DIR$/jre/jre/lib/ext/zipfs.jar!/" type="simple" />
            <root url="jar://$APPLICATION_HOME_DIR$/jre/jre/lib/jce.jar!/" type="simple" />
            <root url="jar://$APPLICATION_HOME_DIR$/jre/jre/lib/jsse.jar!/" type="simple" />
            <root url="jar://$APPLICATION_HOME_DIR$/jre/jre/lib/management-agent.jar!/" type="simple" />
            <root url="jar://$APPLICATION_HOME_DIR$/jre/jre/lib/resources.jar!/" type="simple" />
            <root url="jar://$APPLICATION_HOME_DIR$/jre/jre/lib/rt.jar!/" type="simple" />
          </root>
        </classPath>
        <javadocPath>
          <root type="composite">
            <root url="https://docs.oracle.com/javase/8/docs/api/" type="simple" />
          </root>
        </javadocPath>
        <sourcePath>
          <root type="composite" />
        </sourcePath>
      </roots>
      <additional />
    </jdk>
    <jdk version="2">
      <name value="Android API 19 Platform" />
      <type value="Android SDK" />
      <version value="java version &quot;1.8.0_242&quot;" />
      <homePath value="C:/dev/AndroidSDK" />
      <roots>
        <annotationsPath>
          <root type="composite">
            <root url="jar://$APPLICATION_HOME_DIR$/plugins/android/lib/androidAnnotations.jar!/" type="simple" />
          </root>
        </annotationsPath>
        <classPath>
          <root type="composite">
            <root url="jar://C:/dev/AndroidSDK/platforms/android-19/android.jar!/" type="simple" />
            <root url="file://C:/dev/AndroidSDK/platforms/android-19/data/res" type="simple" />
          </root>
        </classPath>
        <javadocPath>
          <root type="composite">
            <root url="http://developer.android.com/reference/" type="simple" />
          </root>
        </javadocPath>
        <sourcePath>
          <root type="composite" />
        </sourcePath>
      </roots>
      <additional jdk="1.8" sdk="android-19" />
    </jdk>
    <jdk version="2">
      <name value="Android API 21 Platform" />
      <type value="Android SDK" />
      <version value="java version &quot;1.8.0_242&quot;" />
      <homePath value="C:/dev/AndroidSDK" />
      <roots>
        <annotationsPath>
          <root type="composite">
            <root url="jar://$APPLICATION_HOME_DIR$/plugins/android/lib/androidAnnotations.jar!/" type="simple" />
          </root>
        </annotationsPath>
        <classPath>
          <root type="composite">
            <root url="jar://C:/dev/AndroidSDK/platforms/android-21/android.jar!/" type="simple" />
            <root url="file://C:/dev/AndroidSDK/platforms/android-21/data/res" type="simple" />
          </root>
        </classPath>
        <javadocPath>
          <root type="composite">
            <root url="http://developer.android.com/reference/" type="simple" />
          </root>
        </javadocPath>
        <sourcePath>
          <root type="composite" />
        </sourcePath>
      </roots>
      <additional jdk="1.8" sdk="android-21" />
    </jdk>
    <jdk version="2">
      <name value="Android API 22 Platform" />
      <type value="Android SDK" />
      <version value="java version &quot;1.8.0_242&quot;" />
      <homePath value="C:/dev/AndroidSDK" />
      <roots>
        <annotationsPath>
          <root type="composite">
            <root url="jar://$APPLICATION_HOME_DIR$/plugins/android/lib/androidAnnotations.jar!/" type="simple" />
          </root>
        </annotationsPath>
        <classPath>
          <root type="composite">
            <root url="jar://C:/dev/AndroidSDK/platforms/android-22/android.jar!/" type="simple" />
            <root url="file://C:/dev/AndroidSDK/platforms/android-22/data/res" type="simple" />
          </root>
        </classPath>
        <javadocPath>
          <root type="composite">
            <root url="http://developer.android.com/reference/" type="simple" />
          </root>
        </javadocPath>
        <sourcePath>
          <root type="composite" />
        </sourcePath>
      </roots>
      <additional jdk="1.8" sdk="android-22" />
    </jdk>
    <jdk version="2">
      <name value="Android API 23 Platform" />
      <type value="Android SDK" />
      <version value="java version &quot;1.8.0_242&quot;" />
      <homePath value="C:/dev/AndroidSDK" />
      <roots>
        <annotationsPath>
          <root type="composite">
            <root url="jar://$APPLICATION_HOME_DIR$/plugins/android/lib/androidAnnotations.jar!/" type="simple" />
          </root>
        </annotationsPath>
        <classPath>
          <root type="composite">
            <root url="jar://C:/dev/AndroidSDK/platforms/android-23/android.jar!/" type="simple" />
            <root url="file://C:/dev/AndroidSDK/platforms/android-23/data/res" type="simple" />
          </root>
        </classPath>
        <javadocPath>
          <root type="composite">
            <root url="http://developer.android.com/reference/" type="simple" />
          </root>
        </javadocPath>
        <sourcePath>
          <root type="composite" />
        </sourcePath>
      </roots>
      <additional jdk="1.8" sdk="android-23" />
    </jdk>
    <jdk version="2">
      <name value="Android API 24 Platform" />
      <type value="Android SDK" />
      <version value="java version &quot;1.8.0_242&quot;" />
      <homePath value="C:/dev/AndroidSDK" />
      <roots>
        <annotationsPath>
          <root type="composite">
            <root url="jar://$APPLICATION_HOME_DIR$/plugins/android/lib/androidAnnotations.jar!/" type="simple" />
          </root>
        </annotationsPath>
        <classPath>
          <root type="composite">
            <root url="jar://C:/dev/AndroidSDK/platforms/android-24/android.jar!/" type="simple" />
            <root url="file://C:/dev/AndroidSDK/platforms/android-24/data/res" type="simple" />
          </root>
        </classPath>
        <javadocPath>
          <root type="composite">
            <root url="http://developer.android.com/reference/" type="simple" />
          </root>
        </javadocPath>
        <sourcePath>
          <root type="composite" />
        </sourcePath>
      </roots>
      <additional jdk="1.8" sdk="android-24" />
    </jdk>
    <jdk version="2">
      <name value="Android API 25 Platform" />
      <type value="Android SDK" />
      <version value="java version &quot;1.8.0_242&quot;" />
      <homePath value="C:/dev/AndroidSDK" />
      <roots>
        <annotationsPath>
          <root type="composite">
            <root url="jar://$APPLICATION_HOME_DIR$/plugins/android/lib/androidAnnotations.jar!/" type="simple" />
          </root>
        </annotationsPath>
        <classPath>
          <root type="composite">
            <root url="jar://C:/dev/AndroidSDK/platforms/android-25/android.jar!/" type="simple" />
            <root url="file://C:/dev/AndroidSDK/platforms/android-25/data/res" type="simple" />
          </root>
        </classPath>
        <javadocPath>
          <root type="composite">
            <root url="http://developer.android.com/reference/" type="simple" />
          </root>
        </javadocPath>
        <sourcePath>
          <root type="composite" />
        </sourcePath>
      </roots>
      <additional jdk="1.8" sdk="android-25" />
    </jdk>
    <jdk version="2">
      <name value="Android API 26 Platform" />
      <type value="Android SDK" />
      <version value="java version &quot;1.8.0_242&quot;" />
      <homePath value="C:/dev/AndroidSDK" />
      <roots>
        <annotationsPath>
          <root type="composite">
            <root url="jar://$APPLICATION_HOME_DIR$/plugins/android/lib/androidAnnotations.jar!/" type="simple" />
          </root>
        </annotationsPath>
        <classPath>
          <root type="composite">
            <root url="jar://C:/dev/AndroidSDK/platforms/android-26/android.jar!/" type="simple" />
            <root url="file://C:/dev/AndroidSDK/platforms/android-26/data/res" type="simple" />
          </root>
        </classPath>
        <javadocPath>
          <root type="composite" />
        </javadocPath>
        <sourcePath>
          <root type="composite">
            <root url="file://C:/dev/AndroidSDK/sources/android-26" type="simple" />
          </root>
        </sourcePath>
      </roots>
      <additional jdk="1.8" sdk="android-26" />
    </jdk>
    <jdk version="2">
      <name value="Android API 27 Platform" />
      <type value="Android SDK" />
      <version value="java version &quot;1.8.0_242&quot;" />
      <homePath value="C:/dev/AndroidSDK" />
      <roots>
        <annotationsPath>
          <root type="composite">
            <root url="jar://$APPLICATION_HOME_DIR$/plugins/android/lib/androidAnnotations.jar!/" type="simple" />
          </root>
        </annotationsPath>
        <classPath>
          <root type="composite">
            <root url="jar://C:/dev/AndroidSDK/platforms/android-27/android.jar!/" type="simple" />
            <root url="file://C:/dev/AndroidSDK/platforms/android-27/data/res" type="simple" />
          </root>
        </classPath>
        <javadocPath>
          <root type="composite">
            <root url="http://developer.android.com/reference/" type="simple" />
          </root>
        </javadocPath>
        <sourcePath>
          <root type="composite" />
        </sourcePath>
      </roots>
      <additional jdk="1.8" sdk="android-27" />
    </jdk>
    <jdk version="2">
      <name value="Android API 28 Platform" />
      <type value="Android SDK" />
      <version value="java version &quot;1.8.0_242&quot;" />
      <homePath value="C:/dev/AndroidSDK" />
      <roots>
        <annotationsPath>
          <root type="composite">
            <root url="jar://C:/dev/AndroidSDK/platforms/android-28/data/annotations.zip!/" type="simple" />
          </root>
        </annotationsPath>
        <classPath>
          <root type="composite">
            <root url="jar://C:/dev/AndroidSDK/platforms/android-28/android.jar!/" type="simple" />
            <root url="file://C:/dev/AndroidSDK/platforms/android-28/data/res" type="simple" />
          </root>
        </classPath>
        <javadocPath>
          <root type="composite" />
        </javadocPath>
        <sourcePath>
          <root type="composite">
            <root url="file://C:/dev/AndroidSDK/sources/android-28" type="simple" />
          </root>
        </sourcePath>
      </roots>
      <additional jdk="1.8" sdk="android-28" />
    </jdk>
    <jdk version="2">
      <name value="Android API 29 Platform" />
      <type value="Android SDK" />
      <version value="java version &quot;1.8.0_242&quot;" />
      <homePath value="C:/dev/AndroidSDK" />
      <roots>
        <annotationsPath>
          <root type="composite">
            <root url="jar://C:/dev/AndroidSDK/platforms/android-29/data/annotations.zip!/" type="simple" />
          </root>
        </annotationsPath>
        <classPath>
          <root type="composite">
            <root url="jar://C:/dev/AndroidSDK/platforms/android-29/android.jar!/" type="simple" />
            <root url="file://C:/dev/AndroidSDK/platforms/android-29/data/res" type="simple" />
          </root>
        </classPath>
        <javadocPath>
          <root type="composite" />
        </javadocPath>
        <sourcePath>
          <root type="composite">
            <root url="file://C:/dev/AndroidSDK/sources/android-29" type="simple" />
          </root>
        </sourcePath>
      </roots>
      <additional jdk="1.8" sdk="android-29" />
    </jdk>
    <jdk version="2">
      <name value="Android API 30 Platform" />
      <type value="Android SDK" />
      <version value="java version &quot;1.8.0_242&quot;" />
      <homePath value="C:/dev/AndroidSDK" />
      <roots>
        <annotationsPath>
          <root type="composite">
            <root url="jar://C:/dev/AndroidSDK/platforms/android-30/data/annotations.zip!/" type="simple" />
          </root>
        </annotationsPath>
        <classPath>
          <root type="composite">
            <root url="jar://C:/dev/AndroidSDK/platforms/android-30/android.jar!/" type="simple" />
            <root url="file://C:/dev/AndroidSDK/platforms/android-30/data/res" type="simple" />
          </root>
        </classPath>
        <javadocPath>
          <root type="composite">
            <root url="http://developer.android.com/reference/" type="simple" />
          </root>
        </javadocPath>
        <sourcePath>
          <root type="composite" />
        </sourcePath>
      </roots>
      <additional jdk="1.8" sdk="android-30" />
    </jdk>
    <jdk version="2">
      <name value="11" />
      <type value="JavaSDK" />
      <version value="java version &quot;11.0.9&quot;" />
      <homePath value="C:/dev/Java/jdk-11.0.9" />
      <roots>
        <annotationsPath>
          <root type="composite">
            <root url="jar://$APPLICATION_HOME_DIR$/plugins/java/lib/jdkAnnotations.jar!/" type="simple" />
          </root>
        </annotationsPath>
        <classPath>
          <root type="composite">
            <root url="jrt://C:/dev/Java/jdk-11.0.9!/java.base" type="simple" />
            <root url="jrt://C:/dev/Java/jdk-11.0.9!/java.compiler" type="simple" />
            <root url="jrt://C:/dev/Java/jdk-11.0.9!/java.datatransfer" type="simple" />
            <root url="jrt://C:/dev/Java/jdk-11.0.9!/java.desktop" type="simple" />
            <root url="jrt://C:/dev/Java/jdk-11.0.9!/java.instrument" type="simple" />
            <root url="jrt://C:/dev/Java/jdk-11.0.9!/java.logging" type="simple" />
            <root url="jrt://C:/dev/Java/jdk-11.0.9!/java.management" type="simple" />
            <root url="jrt://C:/dev/Java/jdk-11.0.9!/java.management.rmi" type="simple" />
            <root url="jrt://C:/dev/Java/jdk-11.0.9!/java.naming" type="simple" />
            <root url="jrt://C:/dev/Java/jdk-11.0.9!/java.net.http" type="simple" />
            <root url="jrt://C:/dev/Java/jdk-11.0.9!/java.prefs" type="simple" />
            <root url="jrt://C:/dev/Java/jdk-11.0.9!/java.rmi" type="simple" />
            <root url="jrt://C:/dev/Java/jdk-11.0.9!/java.scripting" type="simple" />
            <root url="jrt://C:/dev/Java/jdk-11.0.9!/java.se" type="simple" />
            <root url="jrt://C:/dev/Java/jdk-11.0.9!/java.security.jgss" type="simple" />
            <root url="jrt://C:/dev/Java/jdk-11.0.9!/java.security.sasl" type="simple" />
            <root url="jrt://C:/dev/Java/jdk-11.0.9!/java.smartcardio" type="simple" />
            <root url="jrt://C:/dev/Java/jdk-11.0.9!/java.sql" type="simple" />
            <root url="jrt://C:/dev/Java/jdk-11.0.9!/java.sql.rowset" type="simple" />
            <root url="jrt://C:/dev/Java/jdk-11.0.9!/java.transaction.xa" type="simple" />
            <root url="jrt://C:/dev/Java/jdk-11.0.9!/java.xml" type="simple" />
            <root url="jrt://C:/dev/Java/jdk-11.0.9!/java.xml.crypto" type="simple" />
            <root url="jrt://C:/dev/Java/jdk-11.0.9!/jdk.accessibility" type="simple" />
            <root url="jrt://C:/dev/Java/jdk-11.0.9!/jdk.aot" type="simple" />
            <root url="jrt://C:/dev/Java/jdk-11.0.9!/jdk.attach" type="simple" />
            <root url="jrt://C:/dev/Java/jdk-11.0.9!/jdk.charsets" type="simple" />
            <root url="jrt://C:/dev/Java/jdk-11.0.9!/jdk.compiler" type="simple" />
            <root url="jrt://C:/dev/Java/jdk-11.0.9!/jdk.crypto.cryptoki" type="simple" />
            <root url="jrt://C:/dev/Java/jdk-11.0.9!/jdk.crypto.ec" type="simple" />
            <root url="jrt://C:/dev/Java/jdk-11.0.9!/jdk.crypto.mscapi" type="simple" />
            <root url="jrt://C:/dev/Java/jdk-11.0.9!/jdk.dynalink" type="simple" />
            <root url="jrt://C:/dev/Java/jdk-11.0.9!/jdk.editpad" type="simple" />
            <root url="jrt://C:/dev/Java/jdk-11.0.9!/jdk.hotspot.agent" type="simple" />
            <root url="jrt://C:/dev/Java/jdk-11.0.9!/jdk.httpserver" type="simple" />
            <root url="jrt://C:/dev/Java/jdk-11.0.9!/jdk.internal.ed" type="simple" />
            <root url="jrt://C:/dev/Java/jdk-11.0.9!/jdk.internal.jvmstat" type="simple" />
            <root url="jrt://C:/dev/Java/jdk-11.0.9!/jdk.internal.le" type="simple" />
            <root url="jrt://C:/dev/Java/jdk-11.0.9!/jdk.internal.opt" type="simple" />
            <root url="jrt://C:/dev/Java/jdk-11.0.9!/jdk.internal.vm.ci" type="simple" />
            <root url="jrt://C:/dev/Java/jdk-11.0.9!/jdk.internal.vm.compiler" type="simple" />
            <root url="jrt://C:/dev/Java/jdk-11.0.9!/jdk.internal.vm.compiler.management" type="simple" />
            <root url="jrt://C:/dev/Java/jdk-11.0.9!/jdk.jartool" type="simple" />
            <root url="jrt://C:/dev/Java/jdk-11.0.9!/jdk.javadoc" type="simple" />
            <root url="jrt://C:/dev/Java/jdk-11.0.9!/jdk.jcmd" type="simple" />
            <root url="jrt://C:/dev/Java/jdk-11.0.9!/jdk.jconsole" type="simple" />
            <root url="jrt://C:/dev/Java/jdk-11.0.9!/jdk.jdeps" type="simple" />
            <root url="jrt://C:/dev/Java/jdk-11.0.9!/jdk.jdi" type="simple" />
            <root url="jrt://C:/dev/Java/jdk-11.0.9!/jdk.jdwp.agent" type="simple" />
            <root url="jrt://C:/dev/Java/jdk-11.0.9!/jdk.jfr" type="simple" />
            <root url="jrt://C:/dev/Java/jdk-11.0.9!/jdk.jlink" type="simple" />
            <root url="jrt://C:/dev/Java/jdk-11.0.9!/jdk.jshell" type="simple" />
            <root url="jrt://C:/dev/Java/jdk-11.0.9!/jdk.jsobject" type="simple" />
            <root url="jrt://C:/dev/Java/jdk-11.0.9!/jdk.jstatd" type="simple" />
            <root url="jrt://C:/dev/Java/jdk-11.0.9!/jdk.localedata" type="simple" />
            <root url="jrt://C:/dev/Java/jdk-11.0.9!/jdk.management" type="simple" />
            <root url="jrt://C:/dev/Java/jdk-11.0.9!/jdk.management.agent" type="simple" />
            <root url="jrt://C:/dev/Java/jdk-11.0.9!/jdk.management.jfr" type="simple" />
            <root url="jrt://C:/dev/Java/jdk-11.0.9!/jdk.naming.dns" type="simple" />
            <root url="jrt://C:/dev/Java/jdk-11.0.9!/jdk.naming.ldap" type="simple" />
            <root url="jrt://C:/dev/Java/jdk-11.0.9!/jdk.naming.rmi" type="simple" />
            <root url="jrt://C:/dev/Java/jdk-11.0.9!/jdk.net" type="simple" />
            <root url="jrt://C:/dev/Java/jdk-11.0.9!/jdk.pack" type="simple" />
            <root url="jrt://C:/dev/Java/jdk-11.0.9!/jdk.rmic" type="simple" />
            <root url="jrt://C:/dev/Java/jdk-11.0.9!/jdk.scripting.nashorn" type="simple" />
            <root url="jrt://C:/dev/Java/jdk-11.0.9!/jdk.scripting.nashorn.shell" type="simple" />
            <root url="jrt://C:/dev/Java/jdk-11.0.9!/jdk.sctp" type="simple" />
            <root url="jrt://C:/dev/Java/jdk-11.0.9!/jdk.security.auth" type="simple" />
            <root url="jrt://C:/dev/Java/jdk-11.0.9!/jdk.security.jgss" type="simple" />
            <root url="jrt://C:/dev/Java/jdk-11.0.9!/jdk.unsupported" type="simple" />
            <root url="jrt://C:/dev/Java/jdk-11.0.9!/jdk.unsupported.desktop" type="simple" />
            <root url="jrt://C:/dev/Java/jdk-11.0.9!/jdk.xml.dom" type="simple" />
            <root url="jrt://C:/dev/Java/jdk-11.0.9!/jdk.zipfs" type="simple" />
          </root>
        </classPath>
        <javadocPath>
          <root type="composite" />
        </javadocPath>
        <sourcePath>
          <root type="composite">
            <root url="jar://C:/dev/Java/jdk-11.0.9/lib/src.zip!/java.se" type="simple" />
            <root url="jar://C:/dev/Java/jdk-11.0.9/lib/src.zip!/jdk.aot" type="simple" />
            <root url="jar://C:/dev/Java/jdk-11.0.9/lib/src.zip!/jdk.jdi" type="simple" />
            <root url="jar://C:/dev/Java/jdk-11.0.9/lib/src.zip!/jdk.jfr" type="simple" />
            <root url="jar://C:/dev/Java/jdk-11.0.9/lib/src.zip!/jdk.net" type="simple" />
            <root url="jar://C:/dev/Java/jdk-11.0.9/lib/src.zip!/java.rmi" type="simple" />
            <root url="jar://C:/dev/Java/jdk-11.0.9/lib/src.zip!/java.sql" type="simple" />
            <root url="jar://C:/dev/Java/jdk-11.0.9/lib/src.zip!/java.xml" type="simple" />
            <root url="jar://C:/dev/Java/jdk-11.0.9/lib/src.zip!/jdk.jcmd" type="simple" />
            <root url="jar://C:/dev/Java/jdk-11.0.9/lib/src.zip!/jdk.pack" type="simple" />
            <root url="jar://C:/dev/Java/jdk-11.0.9/lib/src.zip!/jdk.rmic" type="simple" />
            <root url="jar://C:/dev/Java/jdk-11.0.9/lib/src.zip!/jdk.sctp" type="simple" />
            <root url="jar://C:/dev/Java/jdk-11.0.9/lib/src.zip!/java.base" type="simple" />
            <root url="jar://C:/dev/Java/jdk-11.0.9/lib/src.zip!/jdk.jdeps" type="simple" />
            <root url="jar://C:/dev/Java/jdk-11.0.9/lib/src.zip!/jdk.jlink" type="simple" />
            <root url="jar://C:/dev/Java/jdk-11.0.9/lib/src.zip!/jdk.zipfs" type="simple" />
            <root url="jar://C:/dev/Java/jdk-11.0.9/lib/src.zip!/java.prefs" type="simple" />
            <root url="jar://C:/dev/Java/jdk-11.0.9/lib/src.zip!/jdk.attach" type="simple" />
            <root url="jar://C:/dev/Java/jdk-11.0.9/lib/src.zip!/jdk.jshell" type="simple" />
            <root url="jar://C:/dev/Java/jdk-11.0.9/lib/src.zip!/jdk.jstatd" type="simple" />
            <root url="jar://C:/dev/Java/jdk-11.0.9/lib/src.zip!/java.naming" type="simple" />
            <root url="jar://C:/dev/Java/jdk-11.0.9/lib/src.zip!/jdk.editpad" type="simple" />
            <root url="jar://C:/dev/Java/jdk-11.0.9/lib/src.zip!/jdk.jartool" type="simple" />
            <root url="jar://C:/dev/Java/jdk-11.0.9/lib/src.zip!/jdk.javadoc" type="simple" />
            <root url="jar://C:/dev/Java/jdk-11.0.9/lib/src.zip!/jdk.xml.dom" type="simple" />
            <root url="jar://C:/dev/Java/jdk-11.0.9/lib/src.zip!/java.desktop" type="simple" />
            <root url="jar://C:/dev/Java/jdk-11.0.9/lib/src.zip!/java.logging" type="simple" />
            <root url="jar://C:/dev/Java/jdk-11.0.9/lib/src.zip!/jdk.charsets" type="simple" />
            <root url="jar://C:/dev/Java/jdk-11.0.9/lib/src.zip!/jdk.compiler" type="simple" />
            <root url="jar://C:/dev/Java/jdk-11.0.9/lib/src.zip!/jdk.dynalink" type="simple" />
            <root url="jar://C:/dev/Java/jdk-11.0.9/lib/src.zip!/jdk.jconsole" type="simple" />
            <root url="jar://C:/dev/Java/jdk-11.0.9/lib/src.zip!/jdk.jsobject" type="simple" />
            <root url="jar://C:/dev/Java/jdk-11.0.9/lib/src.zip!/java.compiler" type="simple" />
            <root url="jar://C:/dev/Java/jdk-11.0.9/lib/src.zip!/java.net.http" type="simple" />
            <root url="jar://C:/dev/Java/jdk-11.0.9/lib/src.zip!/jdk.crypto.ec" type="simple" />
            <root url="jar://C:/dev/Java/jdk-11.0.9/lib/src.zip!/java.scripting" type="simple" />
            <root url="jar://C:/dev/Java/jdk-11.0.9/lib/src.zip!/jdk.httpserver" type="simple" />
            <root url="jar://C:/dev/Java/jdk-11.0.9/lib/src.zip!/jdk.jdwp.agent" type="simple" />
            <root url="jar://C:/dev/Java/jdk-11.0.9/lib/src.zip!/jdk.localedata" type="simple" />
            <root url="jar://C:/dev/Java/jdk-11.0.9/lib/src.zip!/jdk.management" type="simple" />
            <root url="jar://C:/dev/Java/jdk-11.0.9/lib/src.zip!/jdk.naming.dns" type="simple" />
            <root url="jar://C:/dev/Java/jdk-11.0.9/lib/src.zip!/jdk.naming.rmi" type="simple" />
            <root url="jar://C:/dev/Java/jdk-11.0.9/lib/src.zip!/java.instrument" type="simple" />
            <root url="jar://C:/dev/Java/jdk-11.0.9/lib/src.zip!/java.management" type="simple" />
            <root url="jar://C:/dev/Java/jdk-11.0.9/lib/src.zip!/java.sql.rowset" type="simple" />
            <root url="jar://C:/dev/Java/jdk-11.0.9/lib/src.zip!/java.xml.crypto" type="simple" />
            <root url="jar://C:/dev/Java/jdk-11.0.9/lib/src.zip!/jdk.internal.ed" type="simple" />
            <root url="jar://C:/dev/Java/jdk-11.0.9/lib/src.zip!/jdk.internal.le" type="simple" />
            <root url="jar://C:/dev/Java/jdk-11.0.9/lib/src.zip!/jdk.naming.ldap" type="simple" />
            <root url="jar://C:/dev/Java/jdk-11.0.9/lib/src.zip!/jdk.unsupported" type="simple" />
            <root url="jar://C:/dev/Java/jdk-11.0.9/lib/src.zip!/java.smartcardio" type="simple" />
            <root url="jar://C:/dev/Java/jdk-11.0.9/lib/src.zip!/jdk.internal.opt" type="simple" />
            <root url="jar://C:/dev/Java/jdk-11.0.9/lib/src.zip!/java.datatransfer" type="simple" />
            <root url="jar://C:/dev/Java/jdk-11.0.9/lib/src.zip!/jdk.accessibility" type="simple" />
            <root url="jar://C:/dev/Java/jdk-11.0.9/lib/src.zip!/jdk.crypto.mscapi" type="simple" />
            <root url="jar://C:/dev/Java/jdk-11.0.9/lib/src.zip!/jdk.hotspot.agent" type="simple" />
            <root url="jar://C:/dev/Java/jdk-11.0.9/lib/src.zip!/jdk.security.auth" type="simple" />
            <root url="jar://C:/dev/Java/jdk-11.0.9/lib/src.zip!/jdk.security.jgss" type="simple" />
            <root url="jar://C:/dev/Java/jdk-11.0.9/lib/src.zip!/java.security.jgss" type="simple" />
            <root url="jar://C:/dev/Java/jdk-11.0.9/lib/src.zip!/java.security.sasl" type="simple" />
            <root url="jar://C:/dev/Java/jdk-11.0.9/lib/src.zip!/jdk.internal.vm.ci" type="simple" />
            <root url="jar://C:/dev/Java/jdk-11.0.9/lib/src.zip!/jdk.management.jfr" type="simple" />
            <root url="jar://C:/dev/Java/jdk-11.0.9/lib/src.zip!/java.management.rmi" type="simple" />
            <root url="jar://C:/dev/Java/jdk-11.0.9/lib/src.zip!/java.transaction.xa" type="simple" />
            <root url="jar://C:/dev/Java/jdk-11.0.9/lib/src.zip!/jdk.crypto.cryptoki" type="simple" />
            <root url="jar://C:/dev/Java/jdk-11.0.9/lib/src.zip!/jdk.internal.jvmstat" type="simple" />
            <root url="jar://C:/dev/Java/jdk-11.0.9/lib/src.zip!/jdk.management.agent" type="simple" />
            <root url="jar://C:/dev/Java/jdk-11.0.9/lib/src.zip!/jdk.scripting.nashorn" type="simple" />
            <root url="jar://C:/dev/Java/jdk-11.0.9/lib/src.zip!/jdk.unsupported.desktop" type="simple" />
            <root url="jar://C:/dev/Java/jdk-11.0.9/lib/src.zip!/jdk.internal.vm.compiler" type="simple" />
            <root url="jar://C:/dev/Java/jdk-11.0.9/lib/src.zip!/jdk.scripting.nashorn.shell" type="simple" />
            <root url="jar://C:/dev/Java/jdk-11.0.9/lib/src.zip!/jdk.internal.vm.compiler.management" type="simple" />
          </root>
        </sourcePath>
      </roots>
      <additional />
    </jdk>
    <jdk version="2">
      <name value="1.8 (2)" />
      <type value="JavaSDK" />
      <version value="java version &quot;1.8.0_281&quot;" />
      <homePath value="C:/dev/Java/jdk1.8.0_281" />
      <roots>
        <annotationsPath>
          <root type="composite">
            <root url="jar://$APPLICATION_HOME_DIR$/plugins/java/lib/jdkAnnotations.jar!/" type="simple" />
          </root>
        </annotationsPath>
        <classPath>
          <root type="composite">
            <root url="jar://C:/dev/Java/jdk1.8.0_281/jre/lib/charsets.jar!/" type="simple" />
            <root url="jar://C:/dev/Java/jdk1.8.0_281/jre/lib/deploy.jar!/" type="simple" />
            <root url="jar://C:/dev/Java/jdk1.8.0_281/jre/lib/ext/access-bridge-64.jar!/" type="simple" />
            <root url="jar://C:/dev/Java/jdk1.8.0_281/jre/lib/ext/cldrdata.jar!/" type="simple" />
            <root url="jar://C:/dev/Java/jdk1.8.0_281/jre/lib/ext/dnsns.jar!/" type="simple" />
            <root url="jar://C:/dev/Java/jdk1.8.0_281/jre/lib/ext/jaccess.jar!/" type="simple" />
            <root url="jar://C:/dev/Java/jdk1.8.0_281/jre/lib/ext/jfxrt.jar!/" type="simple" />
            <root url="jar://C:/dev/Java/jdk1.8.0_281/jre/lib/ext/localedata.jar!/" type="simple" />
            <root url="jar://C:/dev/Java/jdk1.8.0_281/jre/lib/ext/nashorn.jar!/" type="simple" />
            <root url="jar://C:/dev/Java/jdk1.8.0_281/jre/lib/ext/sunec.jar!/" type="simple" />
            <root url="jar://C:/dev/Java/jdk1.8.0_281/jre/lib/ext/sunjce_provider.jar!/" type="simple" />
            <root url="jar://C:/dev/Java/jdk1.8.0_281/jre/lib/ext/sunmscapi.jar!/" type="simple" />
            <root url="jar://C:/dev/Java/jdk1.8.0_281/jre/lib/ext/sunpkcs11.jar!/" type="simple" />
            <root url="jar://C:/dev/Java/jdk1.8.0_281/jre/lib/ext/zipfs.jar!/" type="simple" />
            <root url="jar://C:/dev/Java/jdk1.8.0_281/jre/lib/javaws.jar!/" type="simple" />
            <root url="jar://C:/dev/Java/jdk1.8.0_281/jre/lib/jce.jar!/" type="simple" />
            <root url="jar://C:/dev/Java/jdk1.8.0_281/jre/lib/jfr.jar!/" type="simple" />
            <root url="jar://C:/dev/Java/jdk1.8.0_281/jre/lib/jfxswt.jar!/" type="simple" />
            <root url="jar://C:/dev/Java/jdk1.8.0_281/jre/lib/jsse.jar!/" type="simple" />
            <root url="jar://C:/dev/Java/jdk1.8.0_281/jre/lib/management-agent.jar!/" type="simple" />
            <root url="jar://C:/dev/Java/jdk1.8.0_281/jre/lib/plugin.jar!/" type="simple" />
            <root url="jar://C:/dev/Java/jdk1.8.0_281/jre/lib/resources.jar!/" type="simple" />
            <root url="jar://C:/dev/Java/jdk1.8.0_281/jre/lib/rt.jar!/" type="simple" />
          </root>
        </classPath>
        <javadocPath>
          <root type="composite" />
        </javadocPath>
        <sourcePath>
          <root type="composite">
            <root url="jar://C:/dev/Java/jdk1.8.0_281/src.zip!/" type="simple" />
            <root url="jar://C:/dev/Java/jdk1.8.0_281/javafx-src.zip!/" type="simple" />
          </root>
        </sourcePath>
      </roots>
      <additional />
    </jdk>
  </component>
</application>